candidate	count	files
代码	182	16
设计	165	19
方法	162	20
可以	116	21
一个	104	21
文本	98	4
重要	85	16
复杂性	83	20
实现	80	16
如果	78	20
系统	72	19
这些	71	17
问题	68	16
使用	67	15
可能	66	14
注释	66	5
通用	65	8
模块	62	14
接口	61	10
例如	58	12
需要	52	16
它们	51	14
功能	50	14
选择	50	7
专用	50	2
简单	49	15
开发人员	48	14
操作	48	7
应该	46	10
方式	45	12
软件设计	44	12
信息	43	9
必须	41	14
如何	40	18
讨论	40	19
但是	39	12
一种	37	13
本书	36	7
一些	36	18
提供	36	13
情况	36	14
理解	34	10
时间	34	13
所有	33	14
没有	33	10
事情	33	8
这种	33	8
编写	32	13
通过	31	11
他们	31	10
软件	30	11
处理	30	8
用户界面	30	2
撤消	30	1
请参阅	30	1
每个	29	9
其他	29	11
导致	29	11
以及	28	10
不同	28	14
进行	28	11
过程	27	11
什么	27	9
删除	27	3
描述	26	12
许多	26	11
了解	25	13
是否	25	12
原则	24	10
任何	24	10
不是	24	15
阅读	24	9
名称	24	6
我们	23	7
层级	23	8
抽象	23	10
那么	23	12
易理解	23	9
文档	23	8
并且	22	11
这个	22	7
产生	22	15
考虑	22	9
容易	22	13
本章	22	15
对于	22	7
然后	21	12
工作	21	10
更好	21	10
知道	21	8
因此	21	10
函数	20	5
尝试	20	9
软件系统	19	13
想法	19	9
特定	19	8
学生	19	2
修改	19	9
创建	19	10
之一	19	13
组件	19	2
字符	19	3
位置	19	1
解决	18	10
最好	18	8
用于	18	5
相关	18	8
调用	18	6
就是	17	10
减少	17	11
错误	17	9
文件	17	5
确定	17	7
行为	17	12
具有	17	7
特殊情况	17	5
插入	17	3
危险信号	16	7
存在	16	8
之间	16	8
发现	16	9
之前	16	6
增加	16	11
消除	16	5
这样	16	12
用户	16	7
几乎	15	8
编辑器	15	3
足够	15	11
异常	15	4
经验	14	7
降低	14	10
读者	14	3
示例	14	7
重做	14	1
额外	14	8
设备	14	3
地方	14	7
关于	13	9
已经	13	7
变得	13	9
认为	13	8
难以	13	8
技术	13	8
假设	13	7
项目	13	4
建议	13	6
看到	13	8
获得	13	8
思考	13	9
花费	13	8
最佳	13	9
当前	13	6
机制	13	1
通常	13	8
变量	13	4
细分	13	1
复杂	12	7
课程	12	2
有关	12	5
开发	12	7
自己	12	7
意味着	12	8
随着	12	7
定义	12	8
其中	12	9
因为	12	8
高层	12	5
分开	12	4
隐藏	12	5
来说	12	7
影响	12	8
管理	11	5
识别	11	7
软件开发	11	9
部分	11	6
程序员	11	3
找到	11	9
决定	11	6
改进	11	6
大量	11	7
出现	11	6
思想	11	6
而且	11	8
构建	11	5
还是	11	6
能够	11	7
总是	11	8
开始	11	8
数量	11	6
目标	11	7
正确	11	8
投资	11	6
对象	11	3
单个	11	4
列表	11	1
或者	11	6
应用	10	6
无法	10	7
原因	10	8
最终	10	7
多个	10	6
简化	10	5
需求	10	4
整体	10	7
更改	10	4
发生	10	8
章节	10	8
元素	10	5
执行	10	6
良好	10	7
应用程序	10	3
支持	10	2
一起	10	3
退格	10	2
光标	10	1
添加	10	4
无需	10	5
例子	10	3
结构	10	5
以便	9	6
针对	9	4
分解	9	5
此外	9	6
学习	9	7
概念	9	6
操作系统	9	5
东西	9	5
包含	9	5
不会	9	5
阶段	9	4
适用	9	5
主要	9	6
为什么	9	6
规则	9	4
几个	9	5
专用化	9	1
分离	9	3
即使	9	6
尽可能	9	5
为了	9	8
性能	9	3
基本	8	7
完成	8	6
提出	8	6
编程	8	4
讲授	8	2
技能	8	4
能力	8	5
基于	8	6
团队	8	4
很多	8	7
包括	8	6
反映	8	5
实际上	8	6
语言	8	3
细节	8	5
整个	8	5
增量	8	4
两个	8	7
一旦	8	7
更加	8	6
相反	8	5
真正	8	5
参数	8	3
类型	8	2
比如	7	6
介绍	7	6
大型	7	7
价值	7	3
大多数	7	6
结果	7	5
比较	7	3
一点	7	5
以下	7	4
不要	7	7
因素	7	4
初始	7	3
明显	7	6
作为	7	4
正在	7	5
方案	7	2
一段	7	3
第一次	7	4
清晰	7	5
过于	7	4
其余部分	7	5
之后	7	5
给定	7	3
不仅	7	6
该类	7	4
多种	7	3
撤销	7	1
传递	7	4
易于	7	4
范围	7	5
有时	7	3
驱动程序	7	3
组合	7	3
可能性	7	4
设计两次	7	3
强调	7	2
首先	6	6
哲学	6	6
程序	6	2
核心	6	2
仍然	6	5
表明	6	5
类似	6	5
关系	6	5
每种	6	5
不必	6	6
诸如	6	4
最大	6	4
越来越	6	4
不断	6	4
从而	6	3
努力	6	6
一致	6	3
第二种	6	4
立即	6	3
使得	6	6
原始	6	3
每次	6	5
重新	6	4
改善	6	6
详细	6	3
看起来	6	4
注意	6	4
某些	6	3
模糊性	6	4
思维	6	5
轻松	6	4
与其	6	5
起来	6	4
自动	6	4
有趣	6	4
信息隐藏	6	4
同时	6	5
整洁	6	5
完全	6	4
目的	6	3
区域选择	6	1
字符串	6	2
单独	6	4
关键	6	5
语句	6	3
字节	6	3
表达	6	3
聪明	6	1
单词	6	2
一致性	6	1
独立	5	5
工具	5	3
程度	5	4
之外	5	5
质量	5	3
优秀	5	4
区分	5	3
代码审查	5	4
来自	5	5
各种	5	3
其他人	5	4
避免	5	3
这里	5	5
缺陷	5	5
未来	5	3
特别	5	4
说明	5	4
代替	5	4
代码缺陷	5	4
生命周期	5	2
困难	5	4
帮助	5	5
模型	5	1
作用	5	2
设计师	5	4
得到	5	4
始终	5	2
不必要	5	3
备选	5	2
遇到	5	5
内容	5	5
特性	5	3
根据	5	5
做出	5	5
看看	5	5
认知负荷	5	3
甚至	5	3
运行	5	4
解决方案	5	4
对系统	5	4
常见	5	4
检查	5	3
更深	5	4
信息泄露	5	4
带来	5	4
好处	5	4
用途	5	1
前面	5	4
另一方面	5	5
满足	5	2
文本编辑器	5	2
允许	5	3
意义	5	2
引入	5	4
一部分	5	3
条目	5	1
分组	5	1
类别	5	2
策略	5	2
做到	5	4
长度	5	2
调用者	5	4
经常	5	5
重复	5	3
选取	5	2
相对	4	4
涉及	4	3
一系列	4	4
很少	4	4
计算机科学	4	2
面向对象	4	2
技巧	4	3
现在	4	3
通过定义来规避错误	4	4
后续	4	4
三个	4	2
交互式	4	2
提取	4	3
编码	4	3
希望	4	2
成为	4	4
确实	4	4
有些	4	4
同意	4	3
有用	4	3
搜索	4	3
有效	4	3
提高	4	4
有点	4	2
历史	4	2
物理	4	1
限制	4	2
约束	4	2
依赖性	4	4
累积	4	3
成本	4	2
不可避免	4	3
强大	4	3
两种	4	3
封装	4	4
暴露	4	3
往往	4	4
瀑布	4	1
维护	4	3
结束	4	3
不幸	4	3
本质	4	3
而言	4	3
探索	4	3
最后	4	4
寻找	4	4
替代	4	2
几种	4	3
才能	4	3
大部分	4	4
至关重要	4	3
采用	4	3
规范	4	1
形式化	4	1
确保	4	4
目前	4	2
无论	4	4
来源	4	2
节省	4	2
以后	4	2
表示	4	2
以至于	4	3
视图	4	2
内存	4	2
可见	4	2
哪些	4	2
替换	4	2
围绕	4	2
非常	4	3
请求	4	2
内部	4	3
组成	4	2
处理程序	4	2
位于	4	3
无关	4	4
实体	4	3
用来	4	4
栅栏	4	1
形式	4	4
所选内容	4	2
代表	4	2
相同	4	3
相似	4	3
使用者	4	1
缓冲	4	2
糟糕	4	4
代码段	4	1
较大	4	2
第一个	4	1
面向行	4	1
第三种	4	2
面向字符	4	1
快速	4	4
失败	4	1
时候	4	3
外部	4	2
回报	4	2
趋势	4	1
一遍	4	2
令人	3	3
版本	3	2
测试	3	3
相当	3	1
随后	3	2
任务	3	3
循环	3	3
领域	3	3
伟大	3	3
沮丧	3	3
唯一	3	3
迭代	3	3
反馈	3	1
几次	3	2
查看	3	3
答案	3	2
学会	3	3
从来	3	3
线索	3	2
来看	3	3
此处	3	2
所以	3	3
地址	3	1
解释	3	3
将来	3	3
更新	3	3
保留	3	3
更为重要	3	3
经历	3	3
不管	3	3
组织	3	3
演进	3	2
流逝	3	2
速度	3	2
过去	3	3
称为	3	2
模块化设计	3	2
早期	3	3
划分	3	2
设计阶段	3	2
含义	3	3
设计变更	3	1
改变	3	3
解决问题	3	2
一小部分	3	2
评估	3	2
现有	3	3
实施	3	3
重大	3	3
指导	3	3
发挥	3	3
判断	3	2
认识	3	3
列出	3	3
后面	3	2
鼓励	3	2
采取	3	2
持续	3	2
视为	3	3
推迟	3	2
延迟	3	2
编程语言	3	3
研究	3	2
观点	3	2
直观	3	3
深模块	3	1
顺序	3	3
知识	3	2
通用化	3	1
高效	3	3
似乎	3	1
关注	3	2
专门	3	2
要求	3	2
输入	3	2
复制	3	1
造成	3	3
任意	3	2
一行	3	2
总体	3	3
只是	3	3
精确	3	2
放在	3	1
何时	3	2
只有	3	3
然而	3	2
上移	3	1
下移	3	1
底层	3	3
辅助	3	2
存储设备	3	2
防止	3	3
完整	3	3
还有	3	3
状态	3	1
再次	3	3
事物	3	3
历史记录	3	1
决策	3	3
一层	3	2
大小	3	2
磁盘	3	2
高速缓存	3	2
是从	3	3
机器	3	1
可靠	3	3
数据包	3	1
收益	3	2
透传	3	2
生活	3	2
配置参数	3	2
不好	3	3
拆分	3	2
生产	3	3
构造	3	3
想到	3	2
不如	3	3
接受	3	3
坚持	3	3
相信	3	2
一件	3	2
平庸	3	2
借口	3	1
变量名	3	2
用法	3	3
代码中难以理解的内容	3	2
遵循	3	2
角度	3	3
方面	3	3
模式	3	2
精力	3	2
提案	3	1
美国	3	1
一本	2	2
分解成	2	2
多年	2	1
人们	2	2
一直	2	2
惊讶	2	2
敏捷开发	2	2
开发工具	2	2
调试器	2	1
编程技术	2	2
分析	2	2
广泛	2	2
很大	2	2
论文	2	1
标准	2	2
超过	2	2
面对	2	2
大学	2	2
中心	2	2
产出	2	2
效率	2	2
巨大	2	2
差异	2	2
优势	2	2
科学	2	2
杰出	2	2
高质量	2	2
实践	2	1
是否是	2	2
斯坦福大学	2	2
英语	2	2
写作	2	2
草稿	2	1
获取	2	2
重写	2	2
个人	2	1
存储系统	2	2
图像界面	2	2
脚本语言	2	2
亲身经历	2	1
接触	2	2
成功	2	2
长远	2	2
变成	2	2
对话	2	1
呈现	2	2
兴趣	2	1
交流	2	1
电子邮件发送	2	1
听到	2	2
一两个	2	2
电子邮件	2	1
加入	2	2
态度	2	2
总体目标	2	2
意见	2	1
批评	2	2
术语	2	1
模糊	2	2
有助于	2	2
明确	2	2
实际	2	1
永远	2	1
具象化	2	1
多功能	2	1
进一步	2	2
出色	2	1
几十年	2	2
出来	2	2
取得	2	2
第一种	2	2
分为	2	2
彼此	2	2
由于	2	1
延展性	2	1
桥梁	2	1
集中	2	2
一样	2	2
增长	2	2
之类	2	2
更具	2	1
挑战性	2	1
寻找机会	2	2
第二个	2	2
挑战	2	2
符合	2	2
别人	2	2
审查	2	2
轻易	2	2
学到	2	2
其它	2	2
平衡	2	2
过头	2	1
最小化	2	2
第一步	2	2
展示	2	2
找出	2	2
并用	2	2
未知的未知	2	2
安全	2	2
战术	2	1
尽快	2	2
想要	2	2
战略	2	1
幸运	2	2
直到	2	2
危机	2	1
一次	2	2
小额	2	2
易于理解	2	2
密切相关	2	2
要么	2	1
尽量	2	2
否则	2	2
浅模块	2	2
试图	2	2
边界情况	2	1
不能	2	2
有人	2	2
争辩	2	1
预测	2	2
重构	2	2
相符	2	2
某个	2	2
建立	2	2
图形界面	2	2
显示	2	2
窗口	2	1
多级	2	1
读取	2	1
返回	2	2
假定	2	2
显而易见	2	2
指定	2	2
匹配	2	2
当然	2	2
分隔	2	1
保持	2	2
自然	2	1
泄露	2	1
特征	2	1
改动	2	1
恢复	2	1
反过来	2	2
尴尬	2	2
动作	2	1
期间	2	2
来回	2	2
集合	2	2
存储	2	2
响应	2	2
每当	2	2
放置	2	1
下沉	2	2
目前为止	2	2
正常情况	2	2
屏幕	2	1
看不到	2	2
检测	2	2
整行	2	2
形成	2	2
生成	2	2
显著	2	2
上下	2	1
移动	2	1
文件系统	2	1
上面	2	2
可变	2	1
固定	2	2
数据	2	2
传输	2	1
有限	2	2
对抗	2	2
那些	2	2
具体	2	2
弥补	2	2
多于	2	2
麻烦	2	1
抛出	2	1
控制	2	2
系统管理员	2	1
痛苦	2	2
依赖关系	2	1
紧密	2	2
两段	2	1
依赖于	2	2
哈希	2	1
属于	2	1
范畴	2	1
整洁代码之道	2	1
短小	2	1
足以	2	2
不太可能	2	2
失去	2	2
深度	2	1
牺牲	2	2
异常处理	2	1
正常	2	2
重点	2	2
故障	2	1
分布式	2	2
值得	2	2
设计所	2	2
习惯	2	2
进入	2	2
不再	2	2
多么	2	2
也许	2	2
真的	2	2
难题	2	1
根本	2	2
记录	2	2
浪费时间	2	2
感觉	2	2
意图	2	1
未能	2	2
清楚	2	2
各自	2	1
接口注释	2	2
担心	2	2
不容	2	1
索引	2	1
如此	2	2
不想	2	2
强迫	2	2
耗时	2	2
迫使	2	2
声明	2	1
补充	2	1
出发	2	2
审核	2	1
争论	2	1
误解	2	2
猜测	2	2
命名	2	1
愉快	2	2
失误	2	1
熟悉	2	1
约定	2	2
拥有	2	2
利用	2	2
高性能	2	1
尽量减少	2	1
传达	2	1
有时候	2	1
设计者	2	1
杠杆点	2	1
不变量	2	1
管理员	2	1
接口文档	2	2
反复	2	1
区别	2	1
有所	2	2
品味	2	1
一名	2	2
实现文档	2	2
教授	2	1
加州大学	2	1
伯克利分校	2	1
国家	2	1
